{
    "vmas": {
        "balance": {
            "mappo": {
                "seed_0": {
                    "absolute_metrics": {
                        "agents_return": [
                            55.15697479248047
                        ],
                        "return": [
                            55.15697479248047
                        ]
                    },
                    "step_0": {
                        "step_count": 600,
                        "agents_return": [
                            -1.8867263793945312,
                            -16.278549194335938,
                            -3.82843017578125,
                            -3.0914154052734375,
                            -12.920486450195312,
                            -12.137527465820312,
                            -2.45819091796875,
                            -13.16339111328125,
                            -13.530960083007812,
                            -12.299240112304688
                        ],
                        "return": [
                            -1.8867263793945312,
                            -16.278549194335938,
                            -3.82843017578125,
                            -3.0914154052734375,
                            -12.920486450195312,
                            -12.137527465820312,
                            -2.45819091796875,
                            -13.16339111328125,
                            -13.530960083007812,
                            -12.299240112304688
                        ]
                    },
                    "step_1": {
                        "step_count": 120000,
                        "agents_return": [
                            -1.9584197998046875,
                            46.02141571044922,
                            43.64537048339844,
                            9.547531127929688,
                            31.32806396484375,
                            39.76885986328125,
                            50.87787628173828,
                            20.627479553222656,
                            44.34080505371094,
                            49.22306823730469
                        ],
                        "return": [
                            -1.9584197998046875,
                            46.02141571044922,
                            43.64537048339844,
                            9.547531127929688,
                            31.32806396484375,
                            39.76885986328125,
                            50.87787628173828,
                            20.627479553222656,
                            44.34080505371094,
                            49.22306823730469
                        ]
                    },
                    "step_2": {
                        "step_count": 240000,
                        "agents_return": [
                            41.013816833496094,
                            47.4219970703125,
                            36.84373474121094,
                            34.54087829589844,
                            53.02204895019531,
                            49.68425750732422,
                            36.19947052001953,
                            38.28197479248047,
                            55.15697479248047,
                            32.597625732421875
                        ],
                        "return": [
                            41.013816833496094,
                            47.4219970703125,
                            36.84373474121094,
                            34.54087829589844,
                            53.02204895019531,
                            49.68425750732422,
                            36.19947052001953,
                            38.28197479248047,
                            55.15697479248047,
                            32.597625732421875
                        ]
                    }
                }
            }
        }
    }
}