{
    "vmas": {
        "balance": {
            "mappo": {
                "seed_0": {
                    "absolute_metrics": {
                        "agents_return": [
                            -1.1512603759765625
                        ],
                        "return": [
                            -1.1512603759765625
                        ]
                    },
                    "step_1": {
                        "step_count": 3000,
                        "agents_return": [
                            -2.160552978515625,
                            -1.7725067138671875,
                            -12.405899047851562,
                            -1.549560546875,
                            -1.8825836181640625,
                            -2.00042724609375,
                            -1.8143692016601562,
                            -1.1512603759765625,
                            -1.8990631103515625,
                            -1.84918212890625
                        ],
                        "return": [
                            -2.160552978515625,
                            -1.7725067138671875,
                            -12.405899047851562,
                            -1.549560546875,
                            -1.8825836181640625,
                            -2.00042724609375,
                            -1.8143692016601562,
                            -1.1512603759765625,
                            -1.8990631103515625,
                            -1.84918212890625
                        ]
                    }
                }
            }
        }
    }
}